-- phpMyAdmin SQL Dump
-- version 5.2.1
-- https://www.phpmyadmin.net/
--
-- Host: 127.0.0.1
-- Generation Time: Nov 22, 2023 at 05:05 PM
-- Server version: 10.4.28-MariaDB
-- PHP Version: 8.2.4

SET SQL_MODE = "NO_AUTO_VALUE_ON_ZERO";
START TRANSACTION;
SET time_zone = "+00:00";


/*!40101 SET @OLD_CHARACTER_SET_CLIENT=@@CHARACTER_SET_CLIENT */;
/*!40101 SET @OLD_CHARACTER_SET_RESULTS=@@CHARACTER_SET_RESULTS */;
/*!40101 SET @OLD_COLLATION_CONNECTION=@@COLLATION_CONNECTION */;
/*!40101 SET NAMES utf8mb4 */;

--
-- Database: `kelapasawit`
--

-- --------------------------------------------------------

--
-- Table structure for table `admin`
--

CREATE TABLE `admin` (
  `id` int(11) NOT NULL,
  `nama` varchar(255) NOT NULL,
  `email` varchar(255) NOT NULL,
  `username` varchar(255) NOT NULL,
  `password` varchar(255) NOT NULL
) ENGINE=InnoDB DEFAULT CHARSET=latin1 COLLATE=latin1_swedish_ci;

--
-- Dumping data for table `admin`
--

INSERT INTO `admin` (`id`, `nama`, `email`, `username`, `password`) VALUES
(1, 'Anita Pratiwi', 'admin@admin.com', 'admin', '21232f297a57a5a743894a0e4a801fc3');

-- --------------------------------------------------------

--
-- Table structure for table `alternatif`
--

CREATE TABLE `alternatif` (
  `alt_id` int(11) NOT NULL,
  `alt_inisial` varchar(255) NOT NULL,
  `alt_nama` varchar(255) NOT NULL,
  `alt_penyebab` text NOT NULL,
  `alt_solusi` text NOT NULL,
  `img_penyakit` varchar(256) NOT NULL
) ENGINE=InnoDB DEFAULT CHARSET=latin1 COLLATE=latin1_swedish_ci;

--
-- Dumping data for table `alternatif`
--

INSERT INTO `alternatif` (`alt_id`, `alt_inisial`, `alt_nama`, `alt_penyebab`, `alt_solusi`, `img_penyakit`) VALUES
(20, 'P1', 'Penyakit Akar / Busuk Akar Sawit (Blast disease)  ', 'disebabkan oleh cendawan/jamur Rhizoctonia lamellifera dan Phytium sp.', '1. Megkodisikan media semai pada pH yang ideal\r\n2. Melakukan penyemaian yang baik agar bibit sehat dan kuat\r\n3. Pemberian naungan pada bibit di musim kemarau \r\n4. Mengaplikasikan fungisida sejak dini untuk pencegahan', 'penyakit akar.jpg'),
(21, 'P2', 'Penyakit Busuk Pangkal Batang (Basal stem rot atau Ganoderma) ', 'disebabkan oleh jamur Ganoderma applanatum, Ganoderma lucidum, dan Ganoderma pseudofferum.', '1. Membersihkan lahan dari sisa-sisa pelapukan tunggal kayu\r\n2. Menggunakan bibit yang sehat dan berkualitas\r\n3. Melakukan pengapuran/penaburan dolomit pada lubang tanam untul meningkatkan ph tanah yang rendah\r\n4. Tunggul-tunggul sawit harus dibongkar dan dimusnahkan dengan cara dibongkar', 'penyakit busuk pangkal batang.jpeg'),
(22, 'P3', 'Penyakit Busuk Kuncup (Spear rot)', 'disebabkan oleh jamur Ganoderma applanatum', '1. Seluruh jaringan yang terinfeksi bisa langsung dipotong dan diolesi dengan fungisida sistemik\r\n2. Menjaga kebersihan tanaman agar tidak tertempel media pembawa penyakit', 'penyakit busuk kuncup.jpg'),
(23, 'P4', 'Penyakit Garis Kuning (Patch yellow)', 'disebabkan oleh jamur Fusarium Oxiysporum', 'Perlakuan inokulasi penyakit pada tanaman muda dan bibit baru ', 'penyakit patch yellow.webp'),
(24, 'P5', 'Bercak daun (Anthracnose)', 'disebabkan oleh beberapa jenis jamur, yaitu jamur Melanconium sp, Glomerella cingulata, dan Botryodiplodia palmarum', '1. Menggunakan bibit yang sehat dan berkualitas\r\n2. Pemeliharaan bibit yang baik dengan penyiraman dan pemupukan yang teratur\r\n3. Mengatur jarak tanam dengan menanam tidak terlalu rapat\r\n4. Menanam bibit dengan benar, jangan sampai media semai rusak atau pecah saat melakukan penanaman ', 'penyakit bercak daun.jpg'),
(25, 'P6', 'Penyakit Tajuk (Crown disease)', 'disebabkan oleh gen keturunan tanaman induk', '1. Janur dipotong sedalam mungkin\r\n2. Bagian yang terbuka disemprot dengan fungisida sampai basah\r\n3. Daun-daun sakit yang sudah tua tidak perlu dipotong', 'Penyakit Tajuk (Crown disease).jpeg');

-- --------------------------------------------------------

--
-- Table structure for table `gejala`
--

CREATE TABLE `gejala` (
  `gej_id` int(11) NOT NULL,
  `gej_inisial` varchar(10) NOT NULL,
  `gej_nama` varchar(255) NOT NULL,
  `img_gejala` varchar(256) NOT NULL
) ENGINE=InnoDB DEFAULT CHARSET=latin1 COLLATE=latin1_swedish_ci;

--
-- Dumping data for table `gejala`
--

INSERT INTO `gejala` (`gej_id`, `gej_inisial`, `gej_nama`, `img_gejala`) VALUES
(51, 'G1', 'Pertumbuhan tanaman tidak normal', 'G1.jpg'),
(52, 'G2', 'Pertumbuhan kerdil', 'G2.jpg'),
(53, 'G3', 'Tanaman menjadi lemah', 'G3.jpg'),
(54, 'G4', 'Terjadi nekrosis(daun berubah warna)', 'G4.jpg'),
(55, 'G5', 'Daun berumah warna menjadi hijau pucat dan janur    ( daun mudah) yang terbentuk sedikit', 'G5.jpg'),
(56, 'G6', 'Pelepah banyak yang patah dan menggantung pada batang ', 'G6.jpg'),
(57, 'G7', 'Daun-daun tua menjadi terkulai layu', 'G7.jpg'),
(58, 'G8', 'Pangkal batang menghitam', 'G8.jpg'),
(59, 'G9', 'Terdapat getah atau lendir keluar dari bagian terinfeksi', 'G9.jpg'),
(60, 'G10', 'Pertumbuhan tanaman tidak normal', 'G10.jpg'),
(61, 'G11', 'pertumbuhan lambat', 'G11.jpg'),
(62, 'G12', 'Tidak mampu membentuk buah ', 'G12.png'),
(63, 'G13', 'mengeringnya daun-daun pucuk dimulai dari daun yang belum terbuka', 'G13.jpg'),
(64, 'G14', 'Daun-daun patah dekat pangkalnya', 'G14.jpg'),
(65, 'G15', 'Jaringan pada kuncup membusuk dan berwarna kecokelat-cokelatan', 'G15.jpg'),
(66, 'G16', 'Daun terdapat bercak-bercak yang lonjong berwarna kuning', 'G16.jpg'),
(67, 'G17', 'Ditengah bercak-bercak kuning terdapat bercak berwarna cokelat', 'G17.jpg'),
(68, 'G18', 'Batang penopang daun menjadi kuning', 'G18.jpg'),
(69, 'G19', 'Pangkal batang menghitam', 'G19.jpg'),
(70, 'G20', 'Daun-daunnya akan mengering dan gugur', 'G20.jpg'),
(71, 'G21', 'Muncul bercak yang berwarna cokelat', 'G21.jpg'),
(72, 'G22', 'Bercak nekrotik berwarna coklat tua', 'G22.jpg'),
(73, 'G23', 'Pada bagian tengah dan tepiannya berwarna kuning', 'G23.jpg'),
(74, 'G24', 'Bercak yang menyatu sehingga menyebabkan jaringan daun menjadi mati dan kering', 'G24.jpg'),
(75, 'G25', 'Terdapat warna cokelat dan hitam diantara tulang daun', 'G25.jpg'),
(76, 'G26', 'Mempunyai banyak daun yang membengkok ke bawah ditengah pelepahnya', 'G26.jpg'),
(77, 'G27', 'Gejala tampak pada janur', 'G27.jpg'),
(78, 'G28', 'Anak-anak daun yang masih terlipat tampak busuk pada sudut atau tengahnya', 'G28.JPG'),
(79, 'G29', 'Tanaman terhambat pertumbuhannya', 'G29.jpg'),
(80, 'G30', 'Tanaman tidak memiliki helain daun', 'G30.jpg'),
(81, 'G31', 'Helai daun mulai pertengahan sampai ujung pelepah kecil-kecil,sobek, atau tidak ada sama sekali', 'G31.jpg');

-- --------------------------------------------------------

--
-- Table structure for table `kecocokan`
--

CREATE TABLE `kecocokan` (
  `kec_id` int(11) NOT NULL,
  `kec_alternatif` int(11) DEFAULT NULL,
  `kec_gejala` int(11) DEFAULT NULL,
  `kec_nilai` int(11) DEFAULT NULL
) ENGINE=InnoDB DEFAULT CHARSET=latin1 COLLATE=latin1_swedish_ci;

--
-- Dumping data for table `kecocokan`
--

INSERT INTO `kecocokan` (`kec_id`, `kec_alternatif`, `kec_gejala`, `kec_nilai`) VALUES
(661, 20, 51, 1),
(662, 20, 52, 1),
(663, 20, 53, 1),
(664, 20, 54, 1),
(665, 21, 51, 0),
(666, 21, 52, 0),
(667, 21, 53, 0),
(668, 21, 54, 0),
(669, 21, 55, 1),
(670, 21, 56, 1),
(671, 21, 57, 1),
(672, 21, 58, 1),
(673, 21, 59, 1),
(674, 21, 60, 0),
(675, 21, 61, 0),
(676, 21, 62, 0),
(677, 21, 63, 0),
(678, 21, 64, 0),
(679, 21, 65, 0),
(680, 21, 66, 0),
(681, 21, 67, 0),
(682, 21, 68, 0),
(683, 21, 69, 0),
(684, 21, 70, 0),
(685, 21, 71, 0),
(686, 21, 72, 0),
(687, 21, 73, 0),
(688, 21, 74, 0),
(689, 21, 75, 0),
(690, 21, 76, 0),
(691, 21, 77, 0),
(692, 21, 78, 0),
(693, 21, 79, 0),
(694, 21, 80, 0),
(695, 21, 81, 0),
(696, 22, 51, 0),
(697, 22, 52, 0),
(698, 22, 53, 0),
(699, 22, 54, 0),
(700, 22, 55, 0),
(701, 22, 56, 0),
(702, 22, 57, 0),
(703, 22, 58, 0),
(704, 22, 59, 0),
(705, 22, 60, 1),
(706, 22, 61, 1),
(707, 22, 62, 1),
(708, 22, 63, 1),
(709, 22, 64, 1),
(710, 22, 65, 1),
(711, 22, 66, 0),
(712, 22, 67, 0),
(713, 22, 68, 0),
(714, 22, 69, 0),
(715, 22, 70, 0),
(716, 22, 71, 0),
(717, 22, 72, 0),
(718, 22, 73, 0),
(719, 22, 74, 0),
(720, 22, 75, 0),
(721, 22, 76, 0),
(722, 22, 77, 0),
(723, 22, 78, 0),
(724, 22, 79, 0),
(725, 22, 80, 0),
(726, 22, 81, 0),
(727, 23, 51, 0),
(728, 23, 52, 0),
(729, 23, 53, 0),
(730, 23, 54, 0),
(731, 23, 55, 0),
(732, 23, 56, 0),
(733, 23, 57, 0),
(734, 23, 58, 0),
(735, 23, 59, 0),
(736, 23, 60, 0),
(737, 23, 61, 0),
(738, 23, 62, 0),
(739, 23, 63, 0),
(740, 23, 64, 0),
(741, 23, 65, 0),
(742, 23, 66, 1),
(743, 23, 67, 1),
(744, 23, 68, 1),
(745, 23, 69, 1),
(746, 23, 70, 1),
(747, 23, 71, 0),
(748, 23, 72, 0),
(749, 23, 73, 0),
(750, 23, 74, 0),
(751, 23, 75, 0),
(752, 23, 76, 0),
(753, 23, 77, 0),
(754, 23, 78, 0),
(755, 23, 79, 0),
(756, 23, 80, 0),
(757, 23, 81, 0),
(758, 24, 51, 0),
(759, 24, 52, 0),
(760, 24, 53, 0),
(761, 24, 54, 0),
(762, 24, 55, 0),
(763, 24, 56, 0),
(764, 24, 57, 0),
(765, 24, 58, 0),
(766, 24, 59, 0),
(767, 24, 60, 0),
(768, 24, 61, 0),
(769, 24, 62, 0),
(770, 24, 63, 0),
(771, 24, 64, 0),
(772, 24, 65, 0),
(773, 24, 66, 0),
(774, 24, 67, 0),
(775, 24, 68, 0),
(776, 24, 69, 0),
(777, 24, 70, 0),
(778, 24, 71, 1),
(779, 24, 72, 1),
(780, 24, 73, 1),
(781, 24, 74, 1),
(782, 24, 75, 1),
(783, 24, 76, 0),
(784, 24, 77, 0),
(785, 24, 78, 0),
(786, 24, 79, 0),
(787, 24, 80, 0),
(788, 24, 81, 0),
(789, 25, 51, 0),
(790, 25, 52, 0),
(791, 25, 53, 0),
(792, 25, 54, 0),
(793, 25, 55, 0),
(794, 25, 56, 0),
(795, 25, 57, 0),
(796, 25, 58, 0),
(797, 25, 59, 0),
(798, 25, 60, 0),
(799, 25, 61, 0),
(800, 25, 62, 0),
(801, 25, 63, 0),
(802, 25, 64, 0),
(803, 25, 65, 0),
(804, 25, 66, 0),
(805, 25, 67, 0),
(806, 25, 68, 0),
(807, 25, 69, 0),
(808, 25, 70, 0),
(809, 25, 71, 0),
(810, 25, 72, 0),
(811, 25, 73, 0),
(812, 25, 74, 0),
(813, 25, 75, 0),
(814, 25, 76, 1),
(815, 25, 77, 1),
(816, 25, 78, 1),
(817, 25, 79, 1),
(818, 25, 80, 1),
(819, 25, 81, 1);

-- --------------------------------------------------------

--
-- Table structure for table `tmp_kecocokan`
--

CREATE TABLE `tmp_kecocokan` (
  `alternatif` varchar(20) NOT NULL,
  `gejala` varchar(10) NOT NULL,
  `nilai` int(11) DEFAULT NULL
) ENGINE=InnoDB DEFAULT CHARSET=latin1 COLLATE=latin1_swedish_ci;

-- --------------------------------------------------------

--
-- Table structure for table `user`
--

CREATE TABLE `user` (
  `user_id` int(11) NOT NULL,
  `user_nama` varchar(255) NOT NULL,
  `user_hp` varchar(255) NOT NULL,
  `user_hasil` text DEFAULT NULL
) ENGINE=InnoDB DEFAULT CHARSET=latin1 COLLATE=latin1_swedish_ci;

--
-- Dumping data for table `user`
--

INSERT INTO `user` (`user_id`, `user_nama`, `user_hp`, `user_hasil`) VALUES
(1, 'Jono', '0922332', '7,8'),
(2, 'Rambo', '02828323', '9'),
(3, 'aasd', '12', '7,8'),
(4, 'tes', '234', '7'),
(5, 'ts', '23', NULL),
(6, 'kjkjg', '98698', '7,8,9,10,11,12,13,14,15,16,17,18,19'),
(7, 'kjjkjh', '98896234', '7,8,9,10,11,12,13,14,15,16,17,18,19'),
(8, 'tes', '1234124', '7,8,9,10,11,12,13,14,15,16,17,18,19'),
(9, 'tes tes', '123412', '7,8'),
(10, 'raja', '123423', '7,8,9,10,11,12,13,14,15,16,17,18,19'),
(11, 'adasd', '234234', '7,8'),
(12, 'asdasd', '234234', '7,8,9'),
(13, 'asdasd', '1234', '7,8'),
(14, 'asdas', '234234', NULL),
(15, 'asdasd', '234234', '7,9'),
(16, 'jnkjnkjn', '98798', '7,9'),
(17, 'fdh', '465', '7,8'),
(18, 'tyu', '45678', '7,8'),
(19, 'gdfht', '5678', '7'),
(20, 'sdghu', '34546', ''),
(21, 'fhtr', '456456', ''),
(22, 'fghng', '5465', ''),
(23, 'gyhjk', '6789', '0'),
(24, 'yghjk', '567', '7,8'),
(25, 'fghnjk', '5678', NULL),
(26, 'tfgybhj', '5678', '7,8'),
(27, 'ghjk', '6789', '7,8,9'),
(28, 'gyhujk', '6789', '0'),
(29, 'ftgyhjnk', '6578', NULL),
(30, 'fhtrgfh', '54767', '7,8'),
(31, 'fdhg', '54656', '7'),
(32, 'fghfg', '5465', '0'),
(33, 'vdgf', '5466', '7,8'),
(34, 'trhgf', '6577', '7,8'),
(35, 'dgrf', '54654', '7,8'),
(36, 'fdg', '5465', '0'),
(37, 'fdgg', '54656', '7,8'),
(38, 'ghjk', '6789', '7'),
(39, 'fdhgdf', '54645', '0'),
(40, 'htgfh', '5476', '7,8'),
(41, 'dfsg', '5465', '7'),
(42, 'vfdcbgf', '5467', '7'),
(43, 'rftgyhujk', '4567', '7'),
(44, 'fghjk', '56789', NULL),
(45, 'gukhk', '4567', NULL),
(46, 'ftfyu', '45678', '7,8'),
(47, 'ftyguihjk', '678', NULL),
(48, 'jhik', '5678', NULL),
(49, 'werew', '43543', '11'),
(50, 'dsf', '435', '0'),
(51, 'gfdg', '4565', '7,8'),
(52, 'dfsdg', '4465', NULL),
(53, 'dsg', '54654', NULL),
(54, 'dsgf', '45656', NULL),
(55, 'grfdg', '546', '0'),
(56, 'dfgf', '5465', NULL),
(57, 'grt', '5474', NULL),
(58, 'thr', '45645', NULL),
(59, 'fdh', '4363', NULL),
(60, 'dgs', '546456', '7'),
(61, 'dgfdfg', '45656', '0'),
(62, 'fsgdf', '5467', '0'),
(63, 'gdfgf', '54656', '7'),
(64, 'fdhf', '5464', NULL),
(65, 'dfgf', '5465', '7'),
(66, 'dgf', '456', '7'),
(67, 'dsgd', '4365', NULL),
(68, 'sdger', '4565', NULL),
(69, 'dsgd', '45656', '0'),
(70, 'reerh', '546', NULL),
(71, 'rgdfgf', '547457', '0'),
(72, 'rfdyre', '45665', NULL),
(73, 'grdfg', '455', NULL),
(74, 'reg', '54645', NULL),
(75, 'dfgdf', '5465', NULL),
(76, 'dgre', '4566', NULL),
(77, 'gdth', '5467', NULL),
(78, 'gfhgh', '5476', '0'),
(79, 'htdfgh', '54646', '7'),
(80, 'fgdg', '65465', '0'),
(81, 'fdg', '5465', '0'),
(82, 'grdg', '45465', '0'),
(83, 'dsg', '43656', NULL),
(84, 'gdfh', '546456', NULL),
(85, 'fghg', '5467', '7'),
(86, 'dgfg', '43656', NULL),
(87, 'rfgfh', '64767', NULL),
(88, 'dfhd', '546', NULL),
(89, 'ferg', '4356', NULL),
(90, 'grfd', '5646', NULL),
(91, 'dgfd', '54576', NULL),
(92, 'ds', '46365', NULL),
(93, 'dhdf', '547', NULL),
(94, 'fdh', '546', '0'),
(95, 'dsg', '546', NULL),
(96, 'fdh', '547', NULL),
(97, 'rhtr', '647', '0'),
(98, 'grdhdf', '5466', '7'),
(99, 'gdrf', '54634', NULL),
(100, 'frsdfg', '4365', '0'),
(101, 'gdfg', '546', '0'),
(102, 'fghd', '5466', '0'),
(103, 'htgfh', '45365', '7'),
(104, 'fgd', '43', '0'),
(105, 'trhgh', '5474', '0'),
(106, 'gdrf', '546', '0'),
(107, 'gre', '4365', '0'),
(108, 'fgdg', '4353', '0'),
(109, 'fsed', '456', NULL),
(110, 'rgdf', '4365', NULL),
(111, 'dg', '5475', NULL),
(112, 'fdg', '5636', '0'),
(113, 'yghj', '67', '0'),
(114, 'tghbnj', '567', NULL),
(115, 'gyhuj', '567', NULL),
(116, 'tgyhuj', '45678', NULL),
(117, 'gu', '5678', '0'),
(118, 'fyf', '5765', NULL),
(119, 'gg', '57657', '0'),
(120, 'ghjgj', '678', '0'),
(121, 'ugg', '5678', '0'),
(122, 'gyg', '678', '0'),
(123, 'gyu', '678', '7'),
(124, 'tyui', '6789', '0'),
(125, 'yui', '678', '0'),
(126, 'yghj', '6578', NULL),
(127, 'yghuji', '6789', '7'),
(128, 'jilj', '5678', NULL),
(129, 'tgyuh', '678', NULL),
(130, 'gyu', '567', NULL),
(131, 'uio', '56789', NULL),
(132, 'fdfd', '43', '0'),
(133, 'ui', '56789', NULL),
(134, 'rfged', '5465', '9,10'),
(135, 'feds', '5465', '7'),
(136, 'dwsa', '5435', '0'),
(137, 'fdh', '54757', '8'),
(138, 'fef', '4565', '7,9'),
(139, 'fgh', '547567', '7,10'),
(140, 'fdhd', '5476', '7,9'),
(141, 'fdgh', '547', '7'),
(142, 'fdb', '5456747', '7,8'),
(143, 'fgdg', '556', '7,8'),
(144, 'rge', '546', '7'),
(145, 'df', '6575', '7,8'),
(146, 'ueru', '4566', '7,8'),
(147, 'fdfh', '54746', NULL),
(148, 'DGS', '5467', '7,8'),
(149, 'DFGFG', '436', '17,19'),
(150, 'DSF', '4364', NULL),
(151, 'RET', '433', '15'),
(152, 'GFD', '546', '12'),
(153, 'RGFDH', '4365', '7'),
(154, 'EFDS', '436', NULL),
(155, 'DS', '436', NULL),
(156, 'SF', '4364', NULL),
(157, 'DSGDS', '4363', '17,19'),
(158, 'DFG', '4365', '15'),
(159, 'SDGRE', '346', '12'),
(160, 'GER', '43', '9,10,17,19'),
(161, 'fh', '547', '7'),
(162, 'dsg', '5645', '7,8,9'),
(163, 'rfdh', '54645', NULL),
(164, 'df', '43556', '9,10,17,19'),
(165, 'rfdg', '546', '8,11'),
(166, 'gfdg', '54656', '18'),
(167, 'dsf', '4435', '9,10'),
(168, 'edt', '4656', '11,19'),
(169, 'RGE', '5467', '7'),
(170, 'aGjg', '5678', '11,19'),
(171, 'fgh', '456', NULL),
(172, 'rftghyj', '45678', '11,12'),
(173, 'fghjk', '56789', '9,10,11,12'),
(174, 'fghjbj', '567', NULL),
(175, 'fcghj', '4567', NULL),
(176, 'yghujk', '45678', '11,14,16'),
(177, 'fghj', '45678', '8'),
(178, 'fghj', '5678', '11,12,13'),
(179, 'ftgyuh', '45678', '11,12,13'),
(180, 'fghjk', '5678', '7'),
(181, '6t7yui', '45678', '9,10,11'),
(182, 'gfh', '4557', NULL),
(183, 'fdsg', '54744', '7,8'),
(184, 'dsg', '546', '7,8,9,11'),
(185, 'GHJK', '56789', '7'),
(186, 'HAMZA', '08217427348833', '7'),
(187, 'HAMZA', '082126432878432', '19'),
(188, 'ghjk', '567', '7'),
(189, 'fghgh', '67657', NULL),
(190, 'hdsfijkl', '5678', '19'),
(191, 'GHJK', '5678', '7'),
(192, 'TYUI', '5678', '7'),
(193, 'GYHUJI', '456', NULL),
(194, 'YUI', '678', '7,8'),
(195, 'sd', '543', NULL),
(196, 'gui', '5678', NULL),
(197, 'tfygu', '567', '7'),
(198, 'tgyhjk', '678', '7,10'),
(199, 'yghujik', '5678', NULL),
(200, 'tfgyhu', '4567', '7'),
(201, 'ghjk', '678', '8,9'),
(202, 'gvhjkl', '56789', NULL),
(203, 'gvhbjn', '5678', '0'),
(204, 'yghuji', '5678', '7'),
(205, 'yguhjikl', '567', NULL),
(206, 'gfdhg', '546456', '7'),
(207, 'dgs', '54654', NULL),
(208, 'egdf', '5465', NULL),
(209, 'dsgd', '4356', NULL),
(210, 'gfdg', '456456', NULL),
(211, 'gfhgrt', '54645', NULL),
(212, 'gfdgg', '5465', NULL),
(213, 'ghjkl;', '56789', '7'),
(214, 'fddhfgh', '6475', '7'),
(215, 'fdg', '5465', NULL),
(216, 'hjk', '6789', '7,8,9'),
(217, 'huhuh', '67890', '7,8'),
(218, 'ggyug', '567890', '7,8,9,10'),
(219, 'gyg', '56789', '7'),
(220, 'hygyu', '678', '8,10'),
(221, 'gyugyu', '56789', '7,8,10'),
(222, 'tgyhuji', '56789', '7'),
(223, 'h8u9', '56789', '7'),
(224, 'fdgdfh', '4364', '7'),
(225, 'HAMZA', '08223264762746', '7'),
(226, 'dsg', '5465', NULL),
(227, 'reg', '54645', NULL),
(228, 'fdgg', '456456', NULL),
(229, 'gsd', '4656', NULL),
(230, 'fhgf', '657', NULL),
(231, 'fes', '34436', NULL),
(232, 'dsfsd', '54665', '7'),
(233, 'fd', '546', NULL),
(234, 'fdg', '546', '7,8'),
(235, 'regb', '45656', '8,9'),
(236, 'gfh', '65756', '7,8,9'),
(237, 'rt', '567', '7,8'),
(238, 'fhdh', '567567', NULL),
(239, 'gfj', '6576', '7'),
(240, 'fbgfhn', '65767', '7'),
(241, 'gfhgrf', '5446', NULL),
(242, 'fdg', '54645', ''),
(243, 'dfgd', '546', ''),
(244, 'ret', '54645', '7'),
(245, 'dsfg', '546', NULL),
(246, 'fdg', '546', NULL),
(247, 'ret', '546', NULL),
(248, 'thrh', '5465', NULL),
(249, 'rdfg', '546', NULL),
(250, 'dfg', '4565', NULL),
(251, 'dfg', '546', NULL),
(252, 'dsf', '4356', '7'),
(253, 'saf', '436', '7'),
(254, 'edgd', '5466', '7'),
(255, '5464', '654', '7'),
(256, 'dfg', '546', '7'),
(257, 'fdg', '546', '7'),
(258, 'fgdg', '5466', '7,8,9,10,11'),
(259, 'fdg', '546', '7'),
(260, 'ghgh', '67', '7'),
(261, 'rg', '546', NULL),
(262, 'sfs', '546', NULL),
(263, 'ghfg', '4656', NULL),
(264, 'esdf', '43', NULL),
(265, 'fdg', '5465', NULL),
(266, 'fdg', '5465', '7'),
(267, 'ewf', '5464', NULL),
(268, 'sdf', '4354', NULL),
(269, 'fdg', '456', '7'),
(270, 'fh', '546', '7'),
(271, 'sd', '465', NULL),
(272, 'dsg', '546456', NULL),
(273, 'dfgd', '546456', NULL),
(274, 'xshu', '454656', '7,8,9'),
(275, 'dsad', '465', NULL),
(276, 'dsg', '4656', NULL),
(277, 'esdt', '4536', NULL),
(278, 'dgf', '546', '7'),
(279, 'saf', '546', NULL),
(280, 'fdg', '546', '7,8'),
(281, 'dfg', '546', '7'),
(282, 'edg', '546', NULL),
(283, 'sad', '3454', '7,8,9'),
(284, 'dsf', '546', NULL),
(285, 'dsg', '546', '7'),
(286, 'fgh', '546', '9,10'),
(287, 'dsf', '435', '7,8,11'),
(288, 'dsg', '546', '8'),
(289, 'dfger', '546', '7,9,11'),
(290, 'dgr', '546', '7'),
(291, 'asf', '34', '7,9'),
(292, 'guhkjl', '5678', '7'),
(293, 'dgf', '4566', '7'),
(294, 'isc', '54363', '7'),
(295, 'dfg', '453', '0'),
(296, 'dsg', '5465', '7,8,11'),
(297, 'G', '546', NULL),
(298, 'hamza', '243', '7,14'),
(299, 'rdg', '546', '7,10,12,13'),
(300, 'hfh', '57567', '7'),
(301, 'fgd', '5465', NULL),
(302, 'sf', '435', NULL),
(303, 'FHG', '564', NULL),
(304, 'efds', '5465', NULL),
(305, 'tgr', '546', '7'),
(306, 'trftgh', '456', NULL),
(307, 'fdg', '456', NULL),
(308, 'Dessy santi', '4365', '0'),
(310, 'fdgd', '546', NULL),
(311, 'hamza', '4567890', '7'),
(312, 'hajiklx;', '56789', '7'),
(315, 'SADDAM', '8233834', NULL),
(316, 'saddam', '082338346184', '22'),
(317, 'Audy Ruslan', '8968979', '20,21');

-- --------------------------------------------------------

--
-- Table structure for table `user_input`
--

CREATE TABLE `user_input` (
  `id` int(11) NOT NULL,
  `user` int(11) DEFAULT NULL,
  `gejala` varchar(11) NOT NULL,
  `nilai` int(11) DEFAULT NULL
) ENGINE=InnoDB DEFAULT CHARSET=latin1 COLLATE=latin1_swedish_ci;

--
-- Dumping data for table `user_input`
--

INSERT INTO `user_input` (`id`, `user`, `gejala`, `nilai`) VALUES
(1, 1, 'G1', 1),
(2, 2, 'G1', 0),
(3, 2, 'G6', 1),
(4, 2, 'G7', 1),
(5, 2, 'G8', 1),
(6, 3, 'G1', 1),
(7, 4, 'G1', 1),
(8, 4, 'G2', 1),
(9, 4, 'G3', 1),
(10, 5, 'G35', 1),
(11, 6, 'G1', 1),
(12, 6, 'G2', 1),
(13, 6, 'G3', 1),
(14, 6, 'G4', 0),
(15, 6, 'G5', 1),
(16, 6, 'G6', 1),
(17, 6, 'G7', 1),
(18, 6, 'G8', 0),
(19, 6, 'G9', 0),
(20, 6, 'G10', 0),
(21, 6, 'G11', 0),
(22, 6, 'G12', 1),
(23, 6, 'G13', 1),
(24, 6, 'G14', 1),
(25, 6, 'G15', 1),
(26, 6, 'G16', 1),
(27, 6, 'G17', 1),
(28, 6, 'G18', 1),
(29, 6, 'G19', 1),
(30, 7, 'G1', 1),
(31, 7, 'G2', 0),
(32, 7, 'G3', 1),
(33, 7, 'G4', 1),
(34, 7, 'G5', 1),
(35, 7, 'G6', 1),
(36, 8, 'G1', 1),
(37, 8, 'G2', 1),
(38, 8, 'G3', 1),
(39, 8, 'G4', 1),
(40, 9, 'G1', 1),
(41, 9, 'G2', 1),
(42, 9, 'G3', 1),
(43, 9, 'G4', 1),
(44, 9, 'G5', 1),
(45, 10, 'G1', 1),
(46, 10, 'G2', 1),
(47, 10, 'G3', 1),
(48, 10, 'G4', 1),
(49, 10, 'G5', 1),
(50, 10, 'G6', 1),
(51, 10, 'G7', 1),
(52, 10, 'G8', 1),
(53, 10, 'G9', 1),
(54, 10, 'G10', 1),
(55, 10, 'G11', 1),
(56, 10, 'G12', 1),
(57, 10, 'G13', 1),
(58, 10, 'G14', 1),
(59, 10, 'G15', 1),
(60, 10, 'G16', 1),
(61, 10, 'G17', 1),
(62, 10, 'G18', 1),
(63, 10, 'G19', 1),
(64, 10, 'G20', 1),
(65, 10, 'G21', 1),
(66, 10, 'G22', 1),
(67, 10, 'G23', 1),
(68, 10, 'G24', 1),
(69, 10, 'G25', 1),
(70, 10, 'G26', 1),
(71, 10, 'G27', 1),
(72, 10, 'G28', 1),
(73, 10, 'G29', 1),
(74, 10, 'G30', 1),
(75, 10, 'G31', 1),
(76, 10, 'G32', 1),
(77, 10, 'G33', 1),
(78, 10, 'G34', 1),
(79, 10, 'G35', 1),
(80, 11, 'G1', 1),
(81, 11, 'G2', 1),
(82, 11, 'G3', 1),
(83, 11, 'G4', 1),
(84, 12, 'G1', 1),
(85, 12, 'G2', 0),
(86, 12, 'G3', 0),
(87, 12, 'G4', 0),
(88, 12, 'G5', 1),
(89, 12, 'G6', 1),
(90, 12, 'G7', 1),
(91, 12, 'G8', 1),
(92, 13, 'G1', 1),
(93, 13, 'G2', 1),
(94, 13, 'G3', 0),
(95, 13, 'G4', 1),
(96, 13, 'G5', 1),
(97, 14, 'G1', 1),
(98, 15, 'G1', 0),
(99, 15, 'G2', 1),
(100, 15, 'G3', 1),
(101, 15, 'G4', 0),
(102, 15, 'G5', 0),
(103, 15, 'G6', 1),
(104, 15, 'G7', 1),
(105, 16, 'G1', 0),
(106, 16, 'G2', 1),
(107, 16, 'G3', 1),
(108, 16, 'G4', 0),
(109, 16, 'G5', 0),
(110, 16, 'G6', 1),
(111, 17, 'G1', 1),
(112, 17, 'G2', 1),
(113, 17, 'G3', 1),
(114, 17, 'G4', 1),
(115, 18, 'G1', 1),
(116, 18, 'G2', 1),
(117, 18, 'G3', 0),
(118, 18, 'G4', 1),
(119, 19, 'G1', 1),
(120, 19, 'G2', 1),
(121, 19, 'G3', 1),
(122, 19, 'G4', 0),
(123, 20, 'G1', 0),
(124, 20, 'G2', 0),
(125, 20, 'G3', 0),
(126, 20, 'G4', 0),
(127, 21, 'G1', 0),
(128, 21, 'G2', 0),
(129, 21, 'G3', 0),
(130, 21, 'G4', 0),
(131, 21, 'G5', 0),
(132, 21, 'G6', 0),
(133, 21, 'G7', 0),
(134, 21, 'G8', 0),
(135, 21, 'G9', 0),
(136, 21, 'G10', 0),
(137, 21, 'G11', 0),
(138, 21, 'G12', 0),
(139, 21, 'G13', 0),
(140, 21, 'G14', 0),
(141, 21, 'G15', 0),
(142, 21, 'G16', 0),
(143, 21, 'G17', 0),
(144, 21, 'G18', 0),
(145, 21, 'G19', 0),
(146, 21, 'G20', 0),
(147, 21, 'G21', 0),
(148, 21, 'G22', 0),
(149, 21, 'G23', 0),
(150, 21, 'G24', 0),
(151, 21, 'G25', 0),
(152, 21, 'G26', 0),
(153, 21, 'G27', 0),
(154, 21, 'G28', 0),
(155, 21, 'G29', 0),
(156, 21, 'G30', 0),
(157, 21, 'G31', 0),
(158, 21, 'G32', 0),
(159, 21, 'G33', 0),
(160, 21, 'G34', 0),
(161, 21, 'G35', 0),
(162, 22, 'G1', 0),
(163, 22, 'G2', 0),
(164, 22, 'G3', 0),
(165, 22, 'G4', 0),
(166, 22, 'G5', 0),
(167, 22, 'G6', 0),
(168, 22, 'G7', 0),
(169, 22, 'G8', 0),
(170, 22, 'G9', 0),
(171, 22, 'G10', 0),
(172, 22, 'G11', 0),
(173, 22, 'G12', 0),
(174, 22, 'G13', 0),
(175, 22, 'G14', 0),
(176, 22, 'G15', 0),
(177, 22, 'G16', 0),
(178, 22, 'G17', 0),
(179, 22, 'G18', 0),
(180, 22, 'G19', 0),
(181, 22, 'G20', 0),
(182, 22, 'G21', 0),
(183, 22, 'G22', 0),
(184, 22, 'G23', 0),
(185, 22, 'G24', 0),
(186, 22, 'G25', 0),
(187, 22, 'G26', 0),
(188, 22, 'G27', 0),
(189, 22, 'G28', 0),
(190, 22, 'G29', 0),
(191, 22, 'G30', 0),
(192, 22, 'G31', 0),
(193, 22, 'G32', 0),
(194, 22, 'G33', 0),
(195, 22, 'G34', 0),
(196, 22, 'G35', 0),
(197, 23, 'G1', 0),
(198, 24, 'G1', 1),
(199, 24, 'G2', 1),
(200, 24, 'G3', 1),
(201, 24, 'G4', 1),
(202, 25, 'G1', 0),
(203, 25, 'G2', 0),
(204, 26, 'G1', 1),
(205, 26, 'G2', 1),
(206, 26, 'G3', 1),
(207, 26, 'G4', 1),
(208, 27, 'G1', 1),
(209, 27, 'G2', 1),
(210, 27, 'G3', 1),
(211, 27, 'G4', 1),
(212, 27, 'G5', 1),
(213, 27, 'G6', 1),
(214, 28, 'G1', 0),
(215, 28, 'G2', 0),
(216, 28, 'G3', 0),
(217, 28, 'G4', 0),
(218, 28, 'G5', 0),
(219, 28, 'G6', 0),
(220, 28, 'G7', 0),
(221, 28, 'G8', 0),
(222, 28, 'G9', 0),
(223, 28, 'G10', 0),
(224, 28, 'G11', 0),
(225, 28, 'G12', 0),
(226, 28, 'G13', 0),
(227, 28, 'G14', 0),
(228, 28, 'G15', 0),
(229, 28, 'G16', 0),
(230, 28, 'G17', 0),
(231, 28, 'G18', 0),
(232, 28, 'G19', 0),
(233, 28, 'G20', 0),
(234, 28, 'G21', 0),
(235, 28, 'G22', 0),
(236, 28, 'G23', 0),
(237, 28, 'G24', 0),
(238, 28, 'G25', 0),
(239, 28, 'G26', 0),
(240, 28, 'G27', 0),
(241, 28, 'G28', 0),
(242, 28, 'G29', 0),
(243, 28, 'G30', 0),
(244, 28, 'G31', 0),
(245, 28, 'G32', 0),
(246, 28, 'G33', 0),
(247, 28, 'G34', 0),
(248, 28, 'G35', 0),
(249, 30, 'G1', 1),
(250, 30, 'G2', 1),
(251, 30, 'G3', 1),
(252, 30, 'G4', 1),
(253, 31, 'G1', 1),
(254, 32, 'G1', 0),
(255, 33, 'G1', 1),
(256, 33, 'G2', 1),
(257, 33, 'G3', 1),
(258, 33, 'G4', 1),
(259, 34, 'G1', 1),
(260, 34, 'G2', 1),
(261, 34, 'G3', 1),
(262, 34, 'G4', 1),
(263, 34, 'G5', 1),
(264, 35, 'G1', 1),
(265, 35, 'G2', 1),
(266, 35, 'G3', 1),
(267, 35, 'G4', 1),
(268, 36, 'G1', 0),
(269, 37, 'G1', 1),
(270, 37, 'G2', 1),
(271, 37, 'G3', 1),
(272, 37, 'G4', 1),
(273, 38, 'G1', 1),
(274, 39, 'G1', 0),
(275, 39, 'G2', 0),
(276, 39, 'G3', 0),
(277, 39, 'G4', 0),
(278, 39, 'G5', 0),
(279, 39, 'G6', 0),
(280, 39, 'G7', 0),
(281, 40, 'G1', 1),
(282, 40, 'G2', 1),
(283, 40, 'G3', 0),
(284, 40, 'G4', 1),
(285, 41, 'G1', 1),
(286, 42, 'G1', 1),
(287, 43, 'G1', 1),
(288, 43, 'G2', 1),
(289, 43, 'G3', 1),
(290, 45, 'G1', 1),
(291, 45, 'G2', 0),
(292, 46, 'G1', 1),
(293, 46, 'G2', 0),
(294, 46, 'G3', 0),
(295, 46, 'G4', 1),
(296, 46, 'G5', 1),
(297, 49, 'G1', 0),
(298, 49, 'G2', 0),
(299, 49, 'G3', 0),
(300, 49, 'G4', 0),
(301, 49, 'G5', 0),
(302, 49, 'G6', 0),
(303, 49, 'G7', 0),
(304, 49, 'G8', 0),
(305, 49, 'G9', 0),
(306, 49, 'G10', 0),
(307, 49, 'G11', 0),
(308, 49, 'G12', 0),
(309, 49, 'G13', 1),
(310, 49, 'G14', 1),
(311, 50, 'G1', 0),
(312, 50, 'G2', 0),
(313, 51, 'G1', 1),
(314, 51, 'G2', 1),
(315, 51, 'G3', 0),
(316, 51, 'G4', 1),
(317, 51, 'G5', 1),
(318, 52, 'G1', 1),
(319, 55, '', 1),
(320, 58, 'G1', 1),
(321, 58, 'G2', 1),
(322, 58, 'G3', 1),
(323, 58, 'G4', 1),
(324, 60, 'G1', 1),
(325, 61, 'G1', 0),
(326, 62, 'G1', 0),
(327, 63, 'G1', 1),
(328, 64, 'G1', 1),
(329, 65, 'G1', 1),
(330, 66, 'G1', 1),
(331, 67, 'G1', 1),
(332, 68, 'G1', 0),
(333, 68, 'G2', 0),
(334, 68, 'G3', 0),
(335, 68, 'G4', 0),
(336, 69, 'G1', 0),
(337, 70, 'G1', 0),
(338, 70, 'G1', 1),
(339, 70, 'G2', 1),
(340, 70, 'G3', 1),
(341, 70, 'G4', 1),
(342, 71, 'G1', 0),
(343, 72, 'G1', 0),
(344, 73, 'G1', 0),
(345, 73, 'G2', 0),
(346, 73, 'G3', 0),
(347, 74, 'G1', 0),
(348, 75, 'G1', 0),
(349, 75, 'G2', 0),
(350, 75, 'G3', 0),
(351, 75, 'G4', 0),
(352, 76, 'G1', 0),
(353, 77, 'G1', 0),
(354, 77, 'G4', 0),
(355, 78, 'G1', 1),
(356, 78, 'G2', 0),
(357, 79, 'G1', 1),
(358, 79, 'G2', 1),
(359, 79, 'G3', 1),
(360, 80, 'G1', 0),
(361, 81, 'G1', 0),
(362, 82, 'G1', 0),
(363, 83, 'G1', 0),
(364, 84, 'G1', 0),
(365, 85, 'G1', 0),
(366, 85, 'G2', 1),
(367, 86, 'G1', 0),
(368, 87, 'G1', 0),
(369, 87, 'G2', 0),
(370, 88, 'G1', 0),
(371, 89, 'G1', 0),
(372, 90, 'G1', 0),
(373, 91, 'G1', 0),
(374, 92, 'G1', 0),
(375, 93, 'G1', 0),
(376, 94, 'G1', 0),
(377, 95, 'G1', 0),
(378, 96, 'G1', 0),
(379, 97, 'G1', 0),
(380, 97, 'G4', 0),
(381, 97, 'G6', 1),
(382, 97, 'G7', 0),
(383, 98, 'G1', 1),
(384, 98, 'G2', 1),
(385, 98, 'G3', 1),
(386, 99, 'G1', 0),
(387, 100, 'G1', 1),
(388, 100, 'G1', 0),
(389, 101, 'G1', 0),
(390, 102, 'G1', 0),
(391, 103, 'G1', 1),
(392, 103, 'G2', 0),
(393, 104, 'G1', 0),
(394, 105, 'G1', 0),
(395, 106, 'G1', 0),
(396, 107, 'G1', 0),
(397, 108, 'G1', 0),
(398, 109, 'G1', 0),
(399, 110, 'G1', 0),
(400, 111, 'G1', 0),
(401, 112, 'G1', 0),
(402, 113, 'G1', 0),
(403, 114, 'G1', 1),
(404, 115, 'G1', 0),
(405, 116, 'G1', 0),
(406, 117, 'G1', 0),
(407, 118, 'G1', 0),
(408, 118, 'G2', 0),
(409, 119, 'G1', 0),
(410, 120, 'G1', 0),
(411, 121, 'G1', 0),
(412, 122, 'G1', 0),
(413, 123, 'G1', 1),
(414, 124, 'G1', 0),
(415, 125, 'G1', 0),
(416, 126, 'G1', 0),
(417, 126, 'G2', 0),
(418, 127, 'G1', 1),
(419, 127, 'G2', 0),
(420, 127, 'G3', 1),
(421, 128, 'G1', 0),
(422, 129, 'G1', 0),
(423, 130, 'G1', 0),
(424, 131, 'G1', 0),
(425, 131, 'G2', 0),
(426, 132, 'G1', 0),
(427, 134, 'G1', 0),
(428, 134, 'G2', 0),
(429, 134, 'G3', 0),
(430, 134, 'G4', 0),
(431, 134, 'G5', 0),
(432, 134, 'G6', 1),
(433, 134, 'G7', 1),
(434, 134, 'G8', 0),
(435, 134, 'G9', 1),
(436, 134, 'G10', 0),
(437, 134, 'G11', 1),
(438, 135, 'G1', 1),
(439, 135, 'G2', 0),
(440, 135, 'G3', 0),
(441, 135, 'G4', 0),
(442, 136, 'G1', 0),
(443, 137, 'G1', 0),
(444, 137, 'G4', 1),
(445, 137, 'G5', 0),
(446, 137, 'G6', 0),
(447, 137, 'G9', 0),
(448, 137, 'G12', 0),
(449, 138, 'G1', 1),
(450, 138, 'G2', 0),
(451, 138, 'G3', 0),
(452, 138, 'G4', 0),
(453, 138, 'G6', 1),
(454, 139, 'G1', 1),
(455, 139, 'G2', 0),
(456, 139, 'G3', 1),
(457, 139, 'G4', 0),
(458, 139, 'G6', 0),
(459, 139, 'G9', 1),
(460, 140, 'G1', 1),
(461, 140, 'G2', 1),
(462, 140, 'G3', 0),
(463, 140, 'G4', 0),
(464, 140, 'G6', 1),
(465, 141, 'G1', 1),
(466, 142, 'G1', 1),
(467, 142, 'G2', 1),
(468, 142, 'G3', 1),
(469, 142, 'G4', 1),
(470, 143, 'G1', 1),
(471, 143, 'G2', 1),
(472, 143, 'G3', 1),
(473, 143, 'G4', 1),
(474, 144, 'G1', 1),
(475, 145, 'G1', 1),
(476, 145, 'G2', 1),
(477, 145, 'G3', 1),
(478, 145, 'G4', 1),
(479, 146, 'G1', 1),
(480, 146, 'G2', 0),
(481, 146, 'G3', 0),
(482, 146, 'G4', 1),
(483, 148, 'G1', 1),
(484, 148, 'G2', 0),
(485, 148, 'G3', 0),
(486, 148, 'G4', 1),
(487, 149, 'G1', 0),
(488, 149, 'G4', 0),
(489, 149, 'G6', 0),
(490, 149, 'G9', 0),
(491, 149, 'G12', 0),
(492, 149, 'G15', 0),
(493, 149, 'G17', 0),
(494, 149, 'G20', 0),
(495, 149, 'G22', 0),
(496, 149, 'G25', 0),
(497, 149, 'G28', 1),
(498, 149, 'G29', 1),
(499, 149, 'G30', 0),
(500, 149, 'G31', 0),
(501, 149, 'G33', 1),
(502, 149, 'G34', 1),
(503, 150, 'G1', 0),
(504, 150, 'G4', 0),
(505, 150, 'G6', 0),
(506, 150, 'G9', 0),
(507, 150, 'G12', 0),
(508, 150, 'G15', 0),
(509, 150, 'G17', 0),
(510, 150, 'G20', 0),
(511, 150, 'G22', 0),
(512, 150, 'G25', 0),
(513, 151, 'G1', 0),
(514, 151, 'G4', 0),
(515, 151, 'G6', 0),
(516, 151, 'G9', 0),
(517, 151, 'G12', 0),
(518, 151, 'G15', 0),
(519, 151, 'G17', 0),
(520, 151, 'G20', 0),
(521, 151, 'G22', 1),
(522, 152, 'G1', 0),
(523, 152, 'G4', 0),
(524, 152, 'G6', 0),
(525, 152, 'G9', 0),
(526, 152, 'G12', 0),
(527, 152, 'G15', 1),
(528, 152, 'G16', 1),
(529, 153, 'G1', 1),
(530, 153, 'G2', 0),
(531, 154, 'G1', 0),
(532, 154, 'G4', 1),
(533, 154, 'G5', 0),
(534, 154, 'G6', 0),
(535, 154, 'G9', 0),
(536, 154, 'G12', 0),
(537, 155, 'G1', 0),
(538, 155, 'G4', 1),
(539, 155, 'G5', 0),
(540, 155, 'G6', 0),
(541, 155, 'G9', 0),
(542, 155, 'G12', 0),
(543, 157, 'G1', 0),
(544, 157, 'G4', 0),
(545, 157, 'G6', 0),
(546, 157, 'G9', 0),
(547, 157, 'G12', 0),
(548, 157, 'G15', 0),
(549, 157, 'G17', 0),
(550, 157, 'G20', 0),
(551, 157, 'G22', 0),
(552, 157, 'G25', 0),
(553, 157, 'G28', 1),
(554, 157, 'G29', 1),
(555, 157, 'G30', 0),
(556, 157, 'G31', 0),
(557, 157, 'G33', 1),
(558, 157, 'G34', 1),
(559, 158, 'G1', 0),
(560, 158, 'G4', 0),
(561, 158, 'G6', 0),
(562, 158, 'G9', 0),
(563, 158, 'G12', 0),
(564, 158, 'G15', 0),
(565, 158, 'G17', 0),
(566, 158, 'G20', 0),
(567, 158, 'G22', 1),
(568, 159, 'G1', 0),
(569, 159, 'G4', 0),
(570, 159, 'G6', 0),
(571, 159, 'G9', 0),
(572, 159, 'G12', 0),
(573, 159, 'G15', 1),
(574, 159, 'G16', 1),
(575, 160, 'G1', 0),
(576, 160, 'G4', 0),
(577, 160, 'G6', 1),
(578, 160, 'G7', 1),
(579, 160, 'G8', 0),
(580, 160, 'G9', 1),
(581, 160, 'G10', 1),
(582, 160, 'G11', 1),
(583, 160, 'G12', 0),
(584, 160, 'G15', 0),
(585, 160, 'G17', 0),
(586, 160, 'G20', 0),
(587, 160, 'G22', 0),
(588, 160, 'G25', 0),
(589, 160, 'G28', 1),
(590, 160, 'G29', 1),
(591, 160, 'G30', 1),
(592, 160, 'G31', 0),
(593, 160, 'G33', 1),
(594, 161, 'G1', 1),
(595, 162, 'G1', 1),
(596, 162, 'G2', 1),
(597, 162, 'G3', 1),
(598, 162, 'G4', 1),
(599, 162, 'G5', 1),
(600, 162, 'G6', 1),
(601, 162, 'G7', 1),
(602, 162, 'G8', 1),
(603, 164, 'G1', 0),
(604, 164, 'G4', 0),
(605, 164, 'G6', 1),
(606, 164, 'G7', 1),
(607, 164, 'G8', 1),
(608, 164, 'G9', 1),
(609, 164, 'G10', 1),
(610, 164, 'G11', 1),
(611, 164, 'G12', 0),
(612, 164, 'G15', 0),
(613, 164, 'G17', 0),
(614, 164, 'G20', 0),
(615, 164, 'G22', 0),
(616, 164, 'G25', 0),
(617, 164, 'G28', 1),
(618, 164, 'G29', 1),
(619, 164, 'G30', 1),
(620, 164, 'G31', 0),
(621, 164, 'G33', 1),
(622, 165, 'G1', 0),
(623, 165, 'G4', 1),
(624, 165, 'G5', 0),
(625, 165, 'G6', 0),
(626, 165, 'G9', 0),
(627, 165, 'G12', 1),
(628, 165, 'G13', 1),
(629, 165, 'G14', 1),
(630, 166, 'G1', 0),
(631, 166, 'G4', 0),
(632, 166, 'G6', 0),
(633, 166, 'G9', 0),
(634, 166, 'G12', 0),
(635, 166, 'G15', 0),
(636, 166, 'G17', 0),
(637, 166, 'G20', 0),
(638, 166, 'G22', 0),
(639, 166, 'G25', 0),
(640, 166, 'G28', 0),
(641, 166, 'G31', 1),
(642, 166, 'G32', 1),
(643, 167, 'G1', 0),
(644, 167, 'G4', 0),
(645, 167, 'G6', 1),
(646, 167, 'G7', 1),
(647, 167, 'G8', 0),
(648, 167, 'G9', 1),
(649, 167, 'G10', 0),
(650, 167, 'G11', 1),
(651, 168, 'G1', 0),
(652, 168, 'G4', 0),
(653, 168, 'G6', 0),
(654, 168, 'G9', 0),
(655, 168, 'G12', 1),
(656, 168, 'G13', 1),
(657, 168, 'G14', 1),
(658, 168, 'G15', 0),
(659, 168, 'G17', 0),
(660, 168, 'G20', 0),
(661, 168, 'G22', 0),
(662, 168, 'G25', 0),
(663, 168, 'G28', 0),
(664, 168, 'G31', 0),
(665, 168, 'G33', 1),
(666, 168, 'G34', 1),
(667, 168, 'G35', 1),
(668, 169, 'G1', 1),
(669, 169, 'G2', 1),
(670, 169, 'G3', 1),
(671, 170, 'G1', 0),
(672, 170, 'G4', 0),
(673, 170, 'G6', 0),
(674, 170, 'G9', 0),
(675, 170, 'G12', 1),
(676, 170, 'G13', 1),
(677, 170, 'G14', 1),
(678, 170, 'G15', 0),
(679, 170, 'G17', 0),
(680, 170, 'G20', 0),
(681, 170, 'G22', 0),
(682, 170, 'G25', 0),
(683, 170, 'G28', 0),
(684, 170, 'G31', 0),
(685, 170, 'G33', 1),
(686, 170, 'G34', 1),
(687, 170, 'G35', 1),
(688, 171, 'G1', 0),
(689, 171, 'G4', 0),
(690, 171, 'G6', 0),
(691, 171, 'G9', 0),
(692, 171, 'G12', 0),
(693, 172, 'G1', 0),
(694, 172, 'G4', 0),
(695, 172, 'G6', 0),
(696, 172, 'G9', 0),
(697, 172, 'G12', 1),
(698, 172, 'G13', 1),
(699, 172, 'G14', 1),
(700, 172, 'G15', 1),
(701, 172, 'G16', 1),
(702, 173, 'G1', 0),
(703, 173, 'G4', 0),
(704, 173, 'G6', 1),
(705, 173, 'G7', 1),
(706, 173, 'G8', 1),
(707, 173, 'G9', 1),
(708, 173, 'G10', 1),
(709, 173, 'G11', 1),
(710, 173, 'G12', 1),
(711, 173, 'G13', 1),
(712, 173, 'G14', 1),
(713, 173, 'G15', 1),
(714, 173, 'G16', 1),
(715, 174, 'G1', 0),
(716, 174, 'G4', 0),
(717, 174, 'G6', 0),
(718, 174, 'G9', 0),
(719, 174, 'G12', 1),
(720, 174, 'G13', 1),
(721, 174, 'G14', 1),
(722, 174, 'G15', 0),
(723, 174, 'G17', 0),
(724, 174, 'G20', 0),
(725, 175, 'G1', 0),
(726, 175, 'G4', 0),
(727, 175, 'G6', 0),
(728, 175, 'G9', 0),
(729, 175, 'G12', 1),
(730, 175, 'G13', 1),
(731, 175, 'G14', 1),
(732, 175, 'G15', 0),
(733, 175, 'G17', 0),
(734, 175, 'G20', 1),
(735, 175, 'G21', 1),
(736, 175, 'G22', 0),
(737, 175, 'G25', 0),
(738, 176, 'G1', 0),
(739, 176, 'G4', 0),
(740, 176, 'G6', 0),
(741, 176, 'G9', 0),
(742, 176, 'G12', 1),
(743, 176, 'G13', 1),
(744, 176, 'G14', 1),
(745, 176, 'G15', 0),
(746, 176, 'G17', 0),
(747, 176, 'G20', 1),
(748, 176, 'G21', 1),
(749, 176, 'G22', 0),
(750, 176, 'G25', 1),
(751, 176, 'G26', 1),
(752, 176, 'G27', 1),
(753, 177, 'G1', 0),
(754, 177, 'G4', 1),
(755, 177, 'G5', 1),
(756, 178, 'G1', 0),
(757, 178, 'G4', 0),
(758, 178, 'G6', 0),
(759, 178, 'G9', 0),
(760, 178, 'G12', 1),
(761, 178, 'G13', 1),
(762, 178, 'G14', 1),
(763, 178, 'G15', 1),
(764, 178, 'G16', 1),
(765, 178, 'G17', 1),
(766, 178, 'G18', 1),
(767, 178, 'G19', 1),
(768, 179, 'G1', 0),
(769, 179, 'G4', 0),
(770, 179, 'G6', 0),
(771, 179, 'G9', 0),
(772, 179, 'G12', 1),
(773, 179, 'G13', 1),
(774, 179, 'G14', 1),
(775, 179, 'G15', 1),
(776, 179, 'G16', 1),
(777, 179, 'G17', 1),
(778, 179, 'G18', 1),
(779, 179, 'G19', 1),
(780, 180, 'G1', 1),
(781, 181, 'G1', 0),
(782, 181, 'G4', 0),
(783, 181, 'G6', 1),
(784, 181, 'G7', 1),
(785, 181, 'G8', 1),
(786, 181, 'G9', 1),
(787, 181, 'G10', 1),
(788, 181, 'G11', 1),
(789, 181, 'G12', 1),
(790, 181, 'G13', 1),
(791, 181, 'G14', 1),
(792, 183, 'G1', 1),
(793, 183, 'G2', 0),
(794, 183, 'G3', 0),
(795, 183, 'G4', 1),
(796, 183, 'G5', 1),
(797, 184, 'G1', 1),
(798, 184, 'G2', 0),
(799, 184, 'G3', 0),
(800, 184, 'G4', 1),
(801, 184, 'G5', 1),
(802, 184, 'G6', 1),
(803, 184, 'G7', 0),
(804, 184, 'G8', 0),
(805, 184, 'G9', 0),
(806, 184, 'G12', 1),
(807, 185, 'G1', 1),
(808, 185, 'G2', 1),
(809, 185, 'G3', 1),
(810, 186, 'G1', 1),
(811, 186, 'G2', 1),
(812, 186, 'G3', 1),
(813, 187, 'G1', 0),
(814, 187, 'G4', 0),
(815, 187, 'G6', 0),
(816, 187, 'G9', 0),
(817, 187, 'G12', 0),
(818, 187, 'G15', 0),
(819, 187, 'G17', 0),
(820, 187, 'G20', 0),
(821, 187, 'G22', 0),
(822, 187, 'G25', 0),
(823, 187, 'G28', 0),
(824, 187, 'G31', 0),
(825, 187, 'G33', 1),
(826, 187, 'G34', 1),
(827, 187, 'G35', 1),
(828, 188, 'G1', 1),
(829, 189, 'G1', 1),
(830, 189, 'G2', 0),
(831, 190, 'G1', 0),
(832, 190, 'G4', 0),
(833, 190, 'G6', 0),
(834, 190, 'G9', 0),
(835, 190, 'G12', 0),
(836, 190, 'G15', 0),
(837, 190, 'G17', 0),
(838, 190, 'G20', 0),
(839, 190, 'G22', 0),
(840, 190, 'G25', 0),
(841, 190, 'G28', 0),
(842, 190, 'G31', 0),
(843, 190, 'G33', 1),
(844, 190, 'G34', 1),
(845, 190, 'G35', 1),
(846, 191, 'G1', 1),
(847, 192, 'G1', 1),
(848, 193, 'G1', 0),
(849, 193, 'G4', 0),
(850, 193, 'G6', 0),
(851, 193, 'G9', 0),
(852, 194, 'G1', 1),
(853, 194, 'G1', 0),
(854, 194, 'G4', 1),
(855, 196, 'G1', 1),
(856, 197, 'G1', 1),
(857, 198, 'G1', 1),
(858, 198, 'G2', 0),
(859, 198, 'G3', 0),
(860, 198, 'G4', 0),
(861, 198, 'G6', 0),
(862, 198, 'G9', 1),
(863, 198, 'G10', 1),
(864, 200, 'G1', 1),
(865, 200, 'G2', 0),
(866, 201, 'G1', 0),
(867, 201, 'G4', 1),
(868, 201, 'G5', 0),
(869, 201, 'G6', 1),
(870, 202, 'G1', 1),
(871, 202, 'G2', 0),
(872, 202, 'G3', 0),
(873, 203, 'G1', 0),
(874, 203, 'G6', 0),
(875, 203, 'G4', 0),
(876, 204, 'G1', 1),
(877, 205, 'G1', 1),
(878, 205, 'G1', 0),
(879, 205, 'G2', 1),
(880, 205, 'G3', 0),
(881, 205, 'G4', 0),
(882, 205, 'G6', 1),
(883, 206, 'G1', 0),
(884, 206, 'G1', 1),
(885, 206, 'G2', 0),
(886, 206, 'G3', 1),
(887, 207, 'G1', 1),
(888, 207, 'G6', 0),
(889, 208, 'G1', 0),
(890, 209, 'G1', 1),
(891, 209, 'G2', 0),
(892, 209, 'G3', 1),
(893, 210, 'G1', 1),
(894, 211, 'G1', 0),
(895, 212, 'G1', 1),
(896, 213, 'G1', 1),
(897, 213, 'G2', 0),
(898, 213, 'G3', 0),
(899, 214, 'G1', 1),
(900, 214, 'G2', 0),
(901, 214, 'G3', 0),
(902, 216, 'G1', 1),
(903, 216, 'G2', 1),
(904, 216, 'G4', 1),
(905, 216, 'G5', 1),
(906, 216, 'G6', 1),
(907, 217, 'G1', 1),
(908, 217, 'G2', 1),
(909, 217, 'G4', 1),
(910, 218, 'G1', 1),
(911, 218, 'G2', 1),
(912, 218, 'G4', 1),
(913, 218, 'G5', 1),
(914, 218, 'G6', 1),
(915, 218, 'G7', 1),
(916, 218, 'G9', 1),
(917, 218, 'G10', 1),
(918, 219, 'G1', 1),
(919, 219, 'G2', 1),
(920, 219, 'G3', 1),
(921, 220, 'G1', 0),
(922, 220, 'G4', 1),
(923, 220, 'G5', 0),
(924, 220, 'G6', 0),
(925, 220, 'G9', 1),
(926, 220, 'G10', 1),
(927, 220, 'G11', 1),
(928, 221, 'G1', 1),
(929, 221, 'G2', 1),
(930, 221, 'G3', 0),
(931, 221, 'G4', 1),
(932, 221, 'G5', 0),
(933, 221, 'G6', 0),
(934, 221, 'G9', 1),
(935, 221, 'G10', 1),
(936, 221, 'G11', 1),
(937, 222, 'G1', 1),
(938, 222, 'G2', 1),
(939, 222, 'G3', 1),
(940, 223, 'G1', 1),
(941, 223, 'G2', 0),
(942, 223, 'G3', 1),
(943, 224, 'G1', 1),
(944, 224, 'G2', 1),
(945, 224, 'G3', 1),
(946, 225, 'G1', 1),
(947, 225, 'G2', 1),
(948, 225, 'G3', 1),
(949, 227, 'G4', 1),
(950, 227, 'G2', 1),
(951, 227, 'G3', 1),
(952, 227, 'G5', 0),
(953, 227, 'G6', 1),
(954, 227, 'G7', 1),
(955, 227, 'G8', 0),
(956, 228, 'G4', 0),
(957, 229, 'G1', 1),
(958, 229, 'G3', 1),
(959, 229, 'G4', 1),
(960, 230, 'G1', 1),
(961, 230, 'G5', 1),
(962, 230, 'G6', 1),
(963, 230, 'G7', 1),
(964, 230, 'G8', 1),
(965, 230, 'G9', 1),
(966, 230, 'G10', 1),
(967, 230, 'G11', 1),
(968, 230, 'G12', 0),
(969, 230, 'G15', 0),
(970, 230, 'G17', 0),
(971, 230, 'G20', 0),
(972, 230, 'G22', 0),
(973, 231, 'G1', 1),
(974, 231, 'G2', 1),
(975, 231, 'G3', 1),
(976, 231, 'G4', 0),
(977, 232, 'G1', 1),
(978, 232, 'G2', 0),
(979, 233, 'G1', 1),
(980, 234, 'G1', 1),
(981, 234, 'G2', 1),
(982, 234, 'G3', 1),
(983, 234, 'G4', 1),
(984, 235, 'G1', 0),
(985, 235, 'G4', 1),
(986, 235, 'G5', 1),
(987, 235, 'G6', 1),
(988, 235, 'G7', 1),
(989, 235, 'G8', 1),
(990, 236, 'G1', 1),
(991, 236, 'G2', 1),
(992, 236, 'G3', 1),
(993, 236, 'G4', 1),
(994, 236, 'G5', 0),
(995, 236, 'G6', 1),
(996, 237, 'G1', 1),
(997, 237, 'G2', 1),
(998, 237, 'G3', 1),
(999, 237, 'G4', 1),
(1000, 237, 'G5', 1),
(1001, 238, 'G1', 1),
(1002, 239, 'G1', 1),
(1003, 239, 'G2', 1),
(1004, 239, 'G3', 1),
(1005, 240, 'G1', 1),
(1006, 241, 'G1', 1),
(1007, 242, 'G1', 1),
(1008, 242, 'G2', 1),
(1009, 242, 'G3', 1),
(1010, 242, 'G4', 1),
(1011, 242, 'G5', 1),
(1012, 243, 'G1', 1),
(1013, 244, 'G1', 1),
(1014, 245, 'G1', 0),
(1015, 245, 'G3', 1),
(1016, 245, 'G4', 1),
(1017, 245, 'G5', 1),
(1018, 245, 'G6', 0),
(1019, 245, 'G9', 0),
(1020, 245, 'G12', 0),
(1021, 246, 'G1', 0),
(1022, 246, 'G4', 0),
(1023, 246, 'G6', 0),
(1024, 247, 'G1', 0),
(1025, 247, 'G3', 0),
(1026, 248, 'G1', 1),
(1027, 249, 'G1', 1),
(1028, 249, 'G5', 1),
(1029, 249, 'G6', 1),
(1030, 249, 'G7', 1),
(1031, 250, 'G1', 1),
(1032, 250, 'G4', 1),
(1033, 250, 'G5', 1),
(1034, 250, 'G6', 0),
(1035, 250, 'G9', 0),
(1036, 250, 'G12', 0),
(1037, 250, 'G15', 0),
(1038, 250, 'G17', 0),
(1039, 250, 'G20', 0),
(1040, 250, 'G22', 0),
(1041, 251, 'G1', 1),
(1042, 251, 'G2', 1),
(1043, 251, 'G3', 1),
(1044, 251, 'G4', 0),
(1045, 251, 'G6', 0),
(1046, 252, 'G1', 1),
(1047, 253, 'G1', 1),
(1048, 253, 'G2', 1),
(1049, 254, 'G1', 1),
(1050, 254, 'G2', 1),
(1051, 254, 'G3', 1),
(1052, 255, 'G1', 1),
(1053, 256, 'G1', 1),
(1054, 256, 'G2', 1),
(1055, 256, 'G3', 1),
(1056, 257, 'G1', 1),
(1057, 258, 'G1', 1),
(1058, 258, 'G2', 1),
(1059, 258, 'G3', 1),
(1060, 258, 'G4', 1),
(1061, 258, 'G5', 1),
(1062, 258, 'G6', 1),
(1063, 258, 'G7', 1),
(1064, 258, 'G8', 1),
(1065, 258, 'G9', 1),
(1066, 258, 'G10', 1),
(1067, 258, 'G11', 1),
(1068, 258, 'G12', 1),
(1069, 259, 'G1', 1),
(1070, 259, 'G2', 1),
(1071, 259, 'G3', 1),
(1072, 260, 'G1', 1),
(1073, 261, '', 1),
(1074, 261, 'G2', 0),
(1075, 261, 'G3', 1),
(1076, 262, '', 1),
(1077, 262, 'G2', 0),
(1078, 264, '', 1),
(1079, 264, '', 0),
(1080, 265, 'G1', 1),
(1081, 266, 'G1', 1),
(1082, 266, 'G2', 0),
(1083, 267, 'G1', 1),
(1084, 268, 'G1', 1),
(1085, 269, 'G1', 1),
(1086, 270, 'G1', 1),
(1087, 271, 'G1', 1),
(1088, 272, 'G1', 1),
(1089, 274, 'G1', 1),
(1090, 274, 'G2', 1),
(1091, 274, 'G3', 1),
(1092, 274, 'G4', 1),
(1093, 274, 'G5', 1),
(1094, 274, 'G6', 1),
(1095, 274, 'G7', 1),
(1096, 275, 'G1', 1),
(1097, 276, 'G1', 1),
(1098, 277, 'G1', 1),
(1099, 277, 'G2', 1),
(1100, 277, 'G3', 0),
(1101, 277, 'G4', 1),
(1102, 278, 'G1', 1),
(1103, 280, 'G1', 1),
(1104, 280, '', 1),
(1105, 280, 'G3', 1),
(1106, 280, 'G4', 1),
(1107, 280, 'G5', 0),
(1108, 280, 'G6', 0),
(1109, 281, 'G1', 1),
(1110, 282, 'G1', 1),
(1111, 282, 'G2', 1),
(1112, 282, 'G3', 1),
(1113, 283, 'G1', 1),
(1114, 283, 'G2', 1),
(1115, 283, 'G4', 1),
(1116, 283, 'G5', 1),
(1117, 283, 'G6', 1),
(1118, 284, 'G1', 1),
(1119, 284, 'G2', 1),
(1120, 285, 'G1', 1),
(1121, 285, 'G2', 1),
(1122, 285, 'G3', 1),
(1123, 286, 'G1', 0),
(1124, 286, 'G4', 0),
(1125, 286, 'G6', 1),
(1126, 286, 'G7', 0),
(1127, 286, 'G8', 0),
(1128, 286, 'G9', 1),
(1129, 286, 'G10', 0),
(1130, 286, 'G11', 1),
(1131, 287, 'G1', 1),
(1132, 287, 'G2', 0),
(1133, 287, 'G3', 0),
(1134, 287, 'G4', 1),
(1135, 287, 'G5', 0),
(1136, 287, 'G6', 0),
(1137, 287, 'G9', 0),
(1138, 287, 'G12', 1),
(1139, 288, 'G1', 0),
(1140, 288, 'G4', 1),
(1141, 288, 'G5', 1),
(1142, 289, 'G1', 1),
(1143, 289, 'G2', 0),
(1144, 289, 'G3', 0),
(1145, 289, 'G4', 0),
(1146, 289, 'G6', 1),
(1147, 289, 'G7', 0),
(1148, 289, 'G8', 0),
(1149, 289, 'G9', 0),
(1150, 289, 'G12', 1),
(1151, 289, 'G13', 1),
(1152, 289, 'G14', 1),
(1153, 290, 'G1', 1),
(1154, 290, 'G2', 1),
(1155, 290, 'G3', 1),
(1156, 291, 'G1', 1),
(1157, 291, 'G2', 1),
(1158, 291, 'G3', 0),
(1159, 291, 'G4', 0),
(1160, 291, 'G6', 1),
(1161, 291, 'G7', 1),
(1162, 291, 'G8', 1),
(1163, 292, 'G1', 1),
(1164, 292, 'G2', 0),
(1165, 292, 'G3', 1),
(1166, 293, 'G1', 1),
(1167, 293, 'G2', 1),
(1168, 293, 'G3', 0),
(1169, 293, 'G4', 0),
(1170, 294, 'G1', 1),
(1171, 295, 'G1', 0),
(1172, 295, 'G4', 0),
(1173, 295, 'G6', 0),
(1174, 295, 'G9', 0),
(1175, 295, 'G12', 0),
(1176, 295, 'G15', 0),
(1177, 295, 'G17', 0),
(1178, 295, 'G20', 0),
(1179, 295, 'G22', 0),
(1180, 295, 'G25', 0),
(1181, 295, 'G28', 0),
(1182, 295, 'G31', 0),
(1183, 295, 'G33', 0),
(1184, 296, 'G1', 1),
(1185, 296, 'G2', 0),
(1186, 296, 'G3', 0),
(1187, 296, 'G4', 1),
(1188, 296, 'G5', 0),
(1189, 296, 'G6', 0),
(1190, 296, 'G9', 0),
(1191, 296, 'G12', 1),
(1192, 298, 'G1', 1),
(1193, 298, 'G2', 1),
(1194, 298, 'G3', 1),
(1195, 298, 'G4', 0),
(1196, 298, 'G6', 0),
(1197, 298, 'G9', 0),
(1198, 298, 'G12', 0),
(1199, 298, 'G15', 0),
(1200, 298, 'G17', 0),
(1201, 298, 'G20', 1),
(1202, 298, 'G21', 0),
(1203, 298, 'G22', 0),
(1204, 298, 'G25', 0),
(1205, 298, 'G28', 0),
(1206, 298, 'G31', 0),
(1207, 298, 'G33', 0),
(1208, 299, 'G1', 1),
(1209, 299, 'G2', 0),
(1210, 299, 'G3', 0),
(1211, 299, 'G4', 0),
(1212, 299, 'G6', 0),
(1213, 299, 'G9', 1),
(1214, 299, 'G10', 1),
(1215, 299, 'G11', 0),
(1216, 299, 'G12', 0),
(1217, 299, 'G15', 1),
(1218, 299, 'G16', 1),
(1219, 299, 'G17', 1),
(1220, 299, 'G18', 1),
(1221, 299, 'G19', 1),
(1222, 300, 'G1', 1),
(1223, 301, 'G1', 1),
(1224, 301, 'G2', 1),
(1225, 301, 'G3', 1),
(1226, 301, 'G4', 0),
(1227, 301, 'G6', 0),
(1228, 301, 'G9', 0),
(1229, 302, 'G1', 0),
(1230, 302, 'G4', 0),
(1231, 302, 'G6', 1),
(1232, 302, 'G7', 1),
(1233, 302, 'G8', 1),
(1234, 302, 'G9', 0),
(1235, 302, 'G12', 0),
(1236, 302, 'G15', 0),
(1237, 302, 'G17', 0),
(1238, 302, 'G20', 0),
(1239, 302, 'G22', 0),
(1240, 305, 'G1', 1),
(1241, 305, 'G2', 1),
(1242, 306, 'G1', 1),
(1243, 306, 'G2', 1),
(1244, 306, 'G3', 1),
(1245, 306, 'G4', 0),
(1246, 306, 'G6', 0),
(1247, 308, 'G1', 0),
(1248, 308, 'G4', 0),
(1249, 308, 'G6', 0),
(1250, 308, 'G9', 0),
(1251, 308, 'G12', 0),
(1252, 308, 'G15', 0),
(1253, 308, 'G17', 0),
(1254, 308, 'G20', 0),
(1255, 308, 'G22', 0),
(1256, 308, 'G25', 0),
(1257, 308, 'G28', 0),
(1258, 308, 'G31', 0),
(1259, 308, 'G33', 0),
(1295, 311, 'G1', 1),
(1296, 311, 'G2', 1),
(1297, 311, 'G3', 1),
(1298, 312, 'G1', 1),
(1315, 316, 'G1', 0),
(1316, 316, 'G5', 0),
(1317, 316, 'G10', 1),
(1318, 316, 'G11', 0),
(1319, 316, 'G12', 1),
(1320, 316, 'G13', 1),
(1321, 316, 'G14', 0),
(1322, 316, 'G15', 1),
(1323, 317, 'G1', 1),
(1324, 317, 'G2', 1),
(1325, 317, 'G3', 0),
(1326, 317, 'G4', 1),
(1327, 317, 'G5', 1),
(1328, 317, 'G6', 0),
(1329, 317, 'G7', 0),
(1330, 317, 'G8', 1);

--
-- Indexes for dumped tables
--

--
-- Indexes for table `admin`
--
ALTER TABLE `admin`
  ADD PRIMARY KEY (`id`);

--
-- Indexes for table `alternatif`
--
ALTER TABLE `alternatif`
  ADD PRIMARY KEY (`alt_id`);

--
-- Indexes for table `gejala`
--
ALTER TABLE `gejala`
  ADD PRIMARY KEY (`gej_id`);

--
-- Indexes for table `kecocokan`
--
ALTER TABLE `kecocokan`
  ADD PRIMARY KEY (`kec_id`);

--
-- Indexes for table `user`
--
ALTER TABLE `user`
  ADD PRIMARY KEY (`user_id`);

--
-- Indexes for table `user_input`
--
ALTER TABLE `user_input`
  ADD PRIMARY KEY (`id`);

--
-- AUTO_INCREMENT for dumped tables
--

--
-- AUTO_INCREMENT for table `admin`
--
ALTER TABLE `admin`
  MODIFY `id` int(11) NOT NULL AUTO_INCREMENT, AUTO_INCREMENT=2;

--
-- AUTO_INCREMENT for table `alternatif`
--
ALTER TABLE `alternatif`
  MODIFY `alt_id` int(11) NOT NULL AUTO_INCREMENT, AUTO_INCREMENT=26;

--
-- AUTO_INCREMENT for table `gejala`
--
ALTER TABLE `gejala`
  MODIFY `gej_id` int(11) NOT NULL AUTO_INCREMENT, AUTO_INCREMENT=82;

--
-- AUTO_INCREMENT for table `kecocokan`
--
ALTER TABLE `kecocokan`
  MODIFY `kec_id` int(11) NOT NULL AUTO_INCREMENT, AUTO_INCREMENT=820;

--
-- AUTO_INCREMENT for table `user`
--
ALTER TABLE `user`
  MODIFY `user_id` int(11) NOT NULL AUTO_INCREMENT, AUTO_INCREMENT=318;

--
-- AUTO_INCREMENT for table `user_input`
--
ALTER TABLE `user_input`
  MODIFY `id` int(11) NOT NULL AUTO_INCREMENT, AUTO_INCREMENT=1331;
COMMIT;

/*!40101 SET CHARACTER_SET_CLIENT=@OLD_CHARACTER_SET_CLIENT */;
/*!40101 SET CHARACTER_SET_RESULTS=@OLD_CHARACTER_SET_RESULTS */;
/*!40101 SET COLLATION_CONNECTION=@OLD_COLLATION_CONNECTION */;
